<application>
  <component name="ProjectManager">
    <defaultProject>
      <component name="AutoImportSettings">
        <option name="autoReloadType" value="SELECTIVE" />
      </component>
      <component name="InspectionProjectProfileManager">
        <profile version="1.0">
          <option name="myName" value="Project Default" />
        </profile>
        <version value="1.0" />
      </component>
      <component name="MavenImportPreferences">
        <option name="generalSettings">
          <MavenGeneralSettings>
            <option name="localRepository" value="C:\dev\maven_repository" />
            <option name="mavenHome" value="C:/dev/apache-maven-3.9.1" />
            <option name="userSettingsFile" value="C:\dev\apache-maven-3.9.1\conf\settings.xml" />
          </MavenGeneralSettings>
        </option>
      </component>
      <component name="ProjectRootManager" version="2" languageLevel="JDK_1_8" default="false" project-jdk-name="1.8" project-jdk-type="JavaSDK" />
      <component name="PropertiesComponent"><![CDATA[{
  "keyToString": {
    "project.structure.last.edited": "Problems",
    "project.structure.proportion": "0.0",
    "project.structure.side.proportion": "0.2",
    "settings.editor.selected.configurable": "MavenSettings"
  }
}]]></component>
      <component name="WindowStateProjectService">
        <state x="617" y="210" key="#Run/Debug_Configuration_Templates" timestamp="1682676387549">
          <screen x="0" y="0" width="2048" height="1104" />
        </state>
        <state x="617" y="210" key="#Run/Debug_Configuration_Templates/0.0.2048.1104" timestamp="1682676387549" />
        <state x="331" y="397" key="FileChooserDialogImpl" timestamp="1682676210974">
          <screen x="0" y="0" width="2048" height="1104" />
        </state>
        <state x="331" y="397" key="FileChooserDialogImpl/0.0.2048.1104" timestamp="1682676210974" />
        <state x="526" y="192" key="SettingsEditor" timestamp="1682676589651">
          <screen x="0" y="0" width="2048" height="1104" />
        </state>
        <state x="526" y="192" key="SettingsEditor/0.0.2048.1104" timestamp="1682676589651" />
      </component>
      <component name="masterDetails">
        <states>
          <state key="GlobalLibrariesConfigurable.UI">
            <settings>
              <splitter-proportions>
                <option name="proportions">
                  <list>
                    <option value="0.2" />
                  </list>
                </option>
              </splitter-proportions>
            </settings>
          </state>
          <state key="JdkListConfigurable.UI">
            <settings>
              <last-edited>1.8</last-edited>
              <splitter-proportions>
                <option name="proportions">
                  <list>
                    <option value="0.2" />
                  </list>
                </option>
              </splitter-proportions>
            </settings>
          </state>
          <state key="ProjectLibrariesConfigurable.UI">
            <settings>
              <splitter-proportions>
                <option name="proportions">
                  <list>
                    <option value="0.2" />
                  </list>
                </option>
              </splitter-proportions>
            </settings>
          </state>
          <state key="ScopeChooserConfigurable.UI">
            <settings>
              <last-edited>gitignore</last-edited>
              <splitter-proportions>
                <option name="proportions">
                  <list>
                    <option value="0.2" />
                  </list>
                </option>
              </splitter-proportions>
              <order>
                <scope name="gitignore" />
              </order>
            </settings>
          </state>
        </states>
      </component>
    </defaultProject>
  </component>
</application>