<application>
  <component name="MaterialThemeConfig">
    <option name="accentScrollbars" value="false" />
    <option name="compactSidebar" value="true" />
    <option name="fileIcons" value="false" />
    <option name="fileStatusColorsEnabled" value="false" />
    <option name="highlightColorEnabled" value="true" />
    <option name="isCustomTreeIndentEnabled" value="true" />
    <option name="isDecoratedFolders" value="false" />
    <option name="isMaterialTheme" value="false" />
    <option name="isStyledDirectories" value="true" />
    <option name="isWizardShown" value="true" />
    <option name="pristineConfig" value="false" />
    <option name="statusBarTheme" value="false" />
    <option name="treeFontSizeEnabled" value="true" />
    <option name="upperCaseButtons" value="false" />
    <option name="useMaterialIcons" value="false" />
    <option name="useHollowFolders" value="false" />
    <option name="indicatorStyle" value="None" />
    <option name="customSidebarHeight" value="26" />
    <option name="treeFontSize" value="10" />
    <option name="highlightThickness" value="3" />
    <option name="indicatorThickness" value="3" />
    <option name="rightTreeIndent" value="6" />
    <option name="tabsHeight" value="18" />
    <option name="accentColor" value="32424a" />
    <option name="highlightColor" value="66ccff" />
    <option name="selectedTheme" value="CUSTOM" />
    <option name="userId" value="28adef0d:1690dfd8d02:-8000" />
    <option name="version" value="4.4.6" />
  </component>
</application>