<application>
  <component name="MaterialCustomThemeConfig">
    <option name="excludedColor" value="353dffff" />
    <option name="accentColor" value="37ff4bff" />
    <option name="notificationsColor" value="51ff5dff" />
    <option name="treeSelectionColor" value="ff3a8f7b" />
    <option name="highlightColor" value="ff38e4ff" />
    <option name="secondBorderColor" value="6bffbdff" />
    <option name="tableSelectedColor" value="ffab35ff" />
    <option name="contrastColor" value="ff3778ff" />
    <option name="disabledColor" value="ffffffff" />
    <option name="secondaryBackgroundColor" value="ff8473ff" />
    <option name="buttonColor" value="f242f8ff" />
    <option name="selectionForegroundColor" value="42ff26ff" />
    <option name="selectionBackgroundColor" value="c369ffff" />
    <option name="textColor" value="2e3c43ff" />
    <option name="foregroundColor" value="ffac4cff" />
    <option name="backgroundColor" value="e1ff96ff" />
  </component>
</application>