<application>
  <component name="FileTypeManager" version="17">
    <ignoreFiles list="*.hprof;*.iml;*.pyc;*.pyo;*.rbc;*.yarb;*~;.DS_Store;.git;.hg;.idea;.svn;CVS;__pycache__;_svn;vssver.scc;vssver2.scc;" />
    <extensionMap>
      <mapping pattern="*.js.flow" type="Flow" />
      <mapping pattern="*.js.flow" type="Flow" />
      <mapping pattern="timber" type="HTML" />
      <mapping pattern="spring-security" type="PLAIN_TEXT" />
      <mapping pattern="timber.html" type="PLAIN_TEXT" />
      <mapping pattern="str_start" type="PLAIN_TEXT" />
      <mapping pattern="entity" type="PLAIN_TEXT" />
      <mapping ext="1" type="PLAIN_TEXT" />
      <mapping ext="repositories" type="PLAIN_TEXT" />
      <mapping pattern="applicationContext.xml" type="XML" />
      <mapping pattern="CompanyMapper" type="XML" />
      <mapping pattern="applicationContext" type="XML" />
    </extensionMap>
  </component>
</application>