<application>
  <component name="ExternalResourceManagerImpl">
    <resource url="http://mybatis.org/dtd/mybatis-3-config.dtd" location="$USER_HOME$/.IntelliJIdea2017.3/system/extResources/69c70a2f_mybatis-3-config.dtd" />
    <resource url="http://mybatis.org/dtd/mybatis-3-mapper.dtd" location="$USER_HOME$/.IntelliJIdea2017.3/system/extResources/b36fadae_mybatis-3-mapper.dtd" />
    <resource url="http://www.springframework.org/schema/aop" location="E:/dubbox/spring-aop-4.2.xsd" />
    <resource url="http://www.springframework.org/schema/context" location="E:/dubbox/spring-context-4.2.xsd" />
    <resource url="http://www.springframework.org/schema/tx" location="E:/dubbox/spring-tx-4.2.xsd" />
    <resource url="http://www.springframework.org/schema/util/spring-util.xsd" location="E:/dubbox/spring-util-4.2.xsd" />
  </component>
</application>