<application>
  <component name="UISettings">
    <option name="ANIMATE_WINDOWS" value="false" />
    <option name="OVERRIDE_NONIDEA_LAF_FONTS" value="true" />
    <option name="PRESENTATION_MODE_FONT_SIZE" value="12" />
    <option name="SHOW_ICONS_IN_MENUS" value="false" />
    <option name="SHOW_MEMORY_INDICATOR" value="true" />
    <option name="SHOW_TOOL_WINDOW_NUMBERS" value="false" />
    <option name="showTreeIndentGuides" value="true" />
    <option name="USE_SMALL_LABELS_ON_TABS" value="true" />
  </component>
</application>