<application>
  <component name="ProjectManager">
    <defaultProject>
      <component name="CodeInsightWorkspaceSettings">
        <option name="optimizeImportsOnTheFly" value="true" />
      </component>
      <component name="CompilerWorkspaceConfiguration">
        <option name="MAKE_PROJECT_ON_SAVE" value="true" />
      </component>
      <component name="Encoding" defaultCharsetForPropertiesFiles="UTF-8">
        <file url="PROJECT" charset="UTF-8" />
      </component>
      <component name="JsFlowSettings">
        <service-enabled>true</service-enabled>
        <exe-path />
        <other-services-enabled>true</other-services-enabled>
        <auto-save>true</auto-save>
      </component>
      <component name="Kotlin2JsCompilerArguments">
        <option name="sourceMapEmbedSources" />
        <option name="sourceMapPrefix" />
      </component>
      <component name="MavenImportPreferences">
        <option name="generalSettings">
          <MavenGeneralSettings>
            <option name="localRepository" value="D:\development\apache-maven-3.5.2\maven_repository" />
            <option name="mavenHome" value="D:/development/apache-maven-3.5.2" />
            <option name="userSettingsFile" value="D:\development\apache-maven-3.5.2\conf\settings.xml" />
          </MavenGeneralSettings>
        </option>
        <option name="importingSettings">
          <MavenImportingSettings>
            <option name="createModuleGroups" value="true" />
            <option name="downloadDocsAutomatically" value="true" />
            <option name="downloadSourcesAutomatically" value="true" />
            <option name="importAutomatically" value="true" />
          </MavenImportingSettings>
        </option>
      </component>
      <component name="MavenRunner">
        <option name="jreName" value="1.8" />
        <option name="vmOptions" value="-DarchetypeCatalog=internal" />
      </component>
      <component name="ProjectDictionaryState">
        <dictionary name="Lenovo" />
      </component>
      <component name="ProjectInspectionProfilesVisibleTreeState">
        <entry key="Project Default">
          <profile-state>
            <expanded-state>
              <State />
              <State>
                <id>CSS</id>
              </State>
              <State>
                <id>Java</id>
              </State>
              <State>
                <id>Probable bugsCSS</id>
              </State>
              <State>
                <id>Probable bugsJava</id>
              </State>
              <State>
                <id>RELAX NG</id>
              </State>
              <State>
                <id>XPath</id>
              </State>
              <State>
                <id>XSLT</id>
              </State>
            </expanded-state>
            <selected-state>
              <State>
                <id>Android</id>
              </State>
            </selected-state>
          </profile-state>
        </entry>
      </component>
      <component name="ProjectRootManager" version="2" languageLevel="JDK_1_8" project-jdk-name="1.8" project-jdk-type="JavaSDK" />
      <component name="PropertiesComponent">
        <property name="last_opened_file_path" value="D:/development/IdeaProjects" />
        <property name="nodejs_interpreter_path.stuck_in_default_project" value="undefined stuck path" />
        <property name="nodejs_npm_path_reset_for_default_project" value="true" />
        <property name="project.structure.last.edited" value="Project" />
        <property name="project.structure.proportion" value="0.0" />
        <property name="project.structure.side.proportion" value="0.2" />
        <property name="settings.editor.selected.configurable" value="editor.preferences.import" />
      </component>
      <component name="RunDashboard">
        <option name="ruleStates">
          <list>
            <RuleState>
              <option name="name" value="ConfigurationTypeDashboardGroupingRule" />
            </RuleState>
            <RuleState>
              <option name="name" value="StatusDashboardGroupingRule" />
            </RuleState>
          </list>
        </option>
      </component>
      <component name="RunManager">
        <configuration default="true" type="TomeeConfiguration" factoryName="Local" ALTERNATIVE_JRE_ENABLED="false">
          <option name="BROWSER_ID" value="a7bb68e0-33c0-4d6f-a81a-aac1fdb870c8" />
          <option name="UPDATING_POLICY" value="restart-server" />
          <deployment />
          <server-settings>
            <option name="BASE_DIRECTORY_NAME" value="_Default_(Template)_Project" />
          </server-settings>
          <predefined_log_file id="Tomcat" enabled="true" />
          <predefined_log_file id="Tomcat Catalina" enabled="true" />
          <predefined_log_file id="Tomcat Manager" enabled="false" />
          <predefined_log_file id="Tomcat Host Manager" enabled="false" />
          <predefined_log_file id="Tomcat Localhost Access" enabled="false" />
          <RunnerSettings RunnerId="Debug">
            <option name="DEBUG_PORT" value="50042" />
          </RunnerSettings>
          <ConfigurationWrapper VM_VAR="JAVA_OPTS" RunnerId="Cover">
            <option name="USE_ENV_VARIABLES" value="true" />
            <STARTUP>
              <option name="USE_DEFAULT" value="true" />
              <option name="SCRIPT" value="" />
              <option name="VM_PARAMETERS" value="" />
              <option name="PROGRAM_PARAMETERS" value="" />
            </STARTUP>
            <SHUTDOWN>
              <option name="USE_DEFAULT" value="true" />
              <option name="SCRIPT" value="" />
              <option name="VM_PARAMETERS" value="" />
              <option name="PROGRAM_PARAMETERS" value="" />
            </SHUTDOWN>
          </ConfigurationWrapper>
          <ConfigurationWrapper VM_VAR="JAVA_OPTS" RunnerId="Debug">
            <option name="USE_ENV_VARIABLES" value="true" />
            <STARTUP>
              <option name="USE_DEFAULT" value="true" />
              <option name="SCRIPT" value="" />
              <option name="VM_PARAMETERS" value="" />
              <option name="PROGRAM_PARAMETERS" value="" />
            </STARTUP>
            <SHUTDOWN>
              <option name="USE_DEFAULT" value="true" />
              <option name="SCRIPT" value="" />
              <option name="VM_PARAMETERS" value="" />
              <option name="PROGRAM_PARAMETERS" value="" />
            </SHUTDOWN>
          </ConfigurationWrapper>
          <ConfigurationWrapper VM_VAR="JAVA_OPTS" RunnerId="Run">
            <option name="USE_ENV_VARIABLES" value="true" />
            <STARTUP>
              <option name="USE_DEFAULT" value="true" />
              <option name="SCRIPT" value="" />
              <option name="VM_PARAMETERS" value="" />
              <option name="PROGRAM_PARAMETERS" value="" />
            </STARTUP>
            <SHUTDOWN>
              <option name="USE_DEFAULT" value="true" />
              <option name="SCRIPT" value="" />
              <option name="VM_PARAMETERS" value="" />
              <option name="PROGRAM_PARAMETERS" value="" />
            </SHUTDOWN>
          </ConfigurationWrapper>
          <method v="2">
            <option name="Make" enabled="true" />
          </method>
        </configuration>
        <configuration default="true" type="TomeeConfiguration" factoryName="Remote" ALTERNATIVE_JRE_ENABLED="false">
          <option name="LOCAL" value="false" />
          <option name="BROWSER_ID" value="a7bb68e0-33c0-4d6f-a81a-aac1fdb870c8" />
          <deployment />
          <server-settings>
            <data>
              <option name="targets">
                <list>
                  <WatchedTargetModelImpl>
                    <option name="name" value="CONTEXT_XML" />
                    <option name="transportStagingTarget">
                      <TransportTarget>
                        <option name="id" value="f98f828f-3bd1-43ef-bac8-db66dff05f88" />
                        <id>f98f828f-3bd1-43ef-bac8-db66dff05f88</id>
                      </TransportTarget>
                    </option>
                    <option name="watchedLocalPath" value="" />
                    <watched-path />
                    <name>CONTEXT_XML</name>
                    <transport-target>
                      <TransportTarget>
                        <option name="id" value="f98f828f-3bd1-43ef-bac8-db66dff05f88" />
                        <id>f98f828f-3bd1-43ef-bac8-db66dff05f88</id>
                      </TransportTarget>
                    </transport-target>
                  </WatchedTargetModelImpl>
                  <StagingTargetModelImpl>
                    <option name="name" value="STAGING" />
                    <option name="stagingRemotePath" value="" />
                    <option name="transportStagingTarget">
                      <TransportTarget>
                        <option name="id" value="b9d50d0c-af1f-4a07-a5d0-32a70e400490" />
                        <id>b9d50d0c-af1f-4a07-a5d0-32a70e400490</id>
                      </TransportTarget>
                    </option>
                    <staging-path />
                    <name>STAGING</name>
                    <transport-target>
                      <TransportTarget>
                        <option name="id" value="b9d50d0c-af1f-4a07-a5d0-32a70e400490" />
                        <id>b9d50d0c-af1f-4a07-a5d0-32a70e400490</id>
                      </TransportTarget>
                    </transport-target>
                  </StagingTargetModelImpl>
                </list>
              </option>
              <option name="transportHostId" />
              <host-id />
            </data>
          </server-settings>
          <predefined_log_file id="Tomcat" enabled="true" />
          <predefined_log_file id="TOMCAT_LOCALHOST_LOG_ID" enabled="true" />
          <RunnerSettings RunnerId="Debug">
            <option name="DEBUG_PORT" value="50044" />
            <option name="LOCAL" value="false" />
          </RunnerSettings>
          <method v="2">
            <option name="Make" enabled="true" />
          </method>
        </configuration>
      </component>
      <component name="VcsContentAnnotationSettings">
        <option name="myLimit" value="2678400000" />
      </component>
      <component name="masterDetails">
        <states>
          <state key="ArquillianSettingsConfigurable.UI">
            <settings>
              <splitter-proportions>
                <option name="proportions">
                  <list>
                    <option value="0.2" />
                  </list>
                </option>
              </splitter-proportions>
            </settings>
          </state>
          <state key="GlobalLibrariesConfigurable.UI">
            <settings>
              <splitter-proportions>
                <option name="proportions">
                  <list>
                    <option value="0.2" />
                  </list>
                </option>
              </splitter-proportions>
            </settings>
          </state>
          <state key="JdkListConfigurable.UI">
            <settings>
              <last-edited>1.8</last-edited>
              <splitter-proportions>
                <option name="proportions">
                  <list>
                    <option value="0.2" />
                  </list>
                </option>
              </splitter-proportions>
            </settings>
          </state>
          <state key="ProjectJDKs.UI">
            <settings>
              <last-edited>1.8</last-edited>
              <splitter-proportions>
                <option name="proportions">
                  <list>
                    <option value="0.2" />
                  </list>
                </option>
              </splitter-proportions>
            </settings>
          </state>
          <state key="ProjectLibrariesConfigurable.UI">
            <settings>
              <splitter-proportions>
                <option name="proportions">
                  <list>
                    <option value="0.2" />
                  </list>
                </option>
              </splitter-proportions>
            </settings>
          </state>
          <state key="ScopeChooserConfigurable.UI">
            <settings>
              <splitter-proportions>
                <option name="proportions">
                  <list>
                    <option value="0.2" />
                  </list>
                </option>
              </splitter-proportions>
            </settings>
          </state>
        </states>
      </component>
    </defaultProject>
  </component>
</application>