<keymap version="1" name="Windows copy" parent="$default">
  <action id="CloseActiveTab">
    <keyboard-shortcut first-keystroke="ctrl w" second-keystroke="ctrl w" />
  </action>
  <action id="CloseContent">
    <keyboard-shortcut first-keystroke="ctrl w" />
  </action>
  <action id="EditorSelectWord" />
  <action id="NextProjectWindow" />
  <action id="NextTab">
    <keyboard-shortcut first-keystroke="ctrl tab" />
  </action>
  <action id="PreviousProjectWindow" />
  <action id="SmartSelect" />
  <action id="Switcher">
    <keyboard-shortcut first-keystroke="shift ctrl tab" />
  </action>
  <action id="TableResult.GrowSelection" />
  <action id="UsageFiltering.WriteAccess" />
</keymap>